{
  "version": 1,
  "author": "Fatima Zimal",
  "editor": "wokwi",
  "parts": [
    { "type": "wokwi-esp32-devkit-v1", "id": "esp", "top": 0, "left": 0, "attrs": {} },
    { "type": "wokwi-led", "id": "led1", "top": -76.8, "left": 201.4, "attrs": { "color": "yellow" } },
    { "type": "wokwi-resistor", "id": "r1", "top": -28.8, "left": 211.2, "attrs": { "value": "220" } },
    { "type": "wokwi-pushbutton", "id": "btn1", "top": 124.8, "left": 201.6, "attrs": { "color": "blue", "label": "Press Button" } },
    { "type": "wokwi-buzzer", "id": "bz1", "top": 220.8, "left": 201.6, "attrs": {} },
    { "type": "wokwi-ssd1306", "id": "oled1", "top": -120, "left": -120, "attrs": { "i2cAddress": "0x3c" } }
  ],
  "connections": [
    [ "esp:TX0", "$serialMonitor:RX", "", [] ],
    [ "esp:RX0", "$serialMonitor:TX", "", [] ],
    [ "led1:A", "r1:1", "green", [ "v0" ] ],
    [ "r1:2", "esp:D13", "green", [ "v0" ] ],
    [ "led1:C", "esp:GND.2", "black", [ "v0" ] ],
    [ "btn1:1.l", "esp:D18", "blue", [ "h0" ] ],
    [ "btn1:2.l", "esp:GND.1", "black", [ "h0" ] ],
    [ "bz1:1", "esp:D27", "orange", [ "h0" ] ],
    [ "bz1:2", "esp:GND.2", "black", [ "h0" ] ],
    [ "oled1:GND", "esp:GND.1", "black", [ "h0" ] ],
    [ "oled1:VCC", "esp:3V3", "red", [ "h0" ] ],
    [ "oled1:SDA", "esp:D21", "blue", [ "h0" ] ],
    [ "oled1:SCL", "esp:D22", "yellow", [ "h0" ] ]
  ],
  "dependencies": {}
}