{
  "version": 1,
  "author": "Fatima Zimal - 23-NTU-CS-1252",
  "editor": "wokwi",
  "parts": [
    { "type": "wokwi-esp32-devkit-v1", "id": "esp", "top": 0, "left": 0, "attrs": {} },
    { "type": "wokwi-led", "id": "led1", "top": -76.8, "left": 153.4, "attrs": { "color": "red" } },
    { "type": "wokwi-led", "id": "led2", "top": -76.8, "left": 201.4, "attrs": { "color": "green" } },
    { "type": "wokwi-led", "id": "led3", "top": -76.8, "left": 249.4, "attrs": { "color": "blue" } },
    { "type": "wokwi-resistor", "id": "r1", "top": -28.8, "left": 163.2, "attrs": { "value": "220" } },
    { "type": "wokwi-resistor", "id": "r2", "top": -28.8, "left": 211.2, "attrs": { "value": "220" } },
    { "type": "wokwi-resistor", "id": "r3", "top": -28.8, "left": 259.2, "attrs": { "value": "220" } },
    { "type": "wokwi-pushbutton", "id": "btn1", "top": 124.8, "left": 153.6, "attrs": { "color": "green", "label": "Mode Cycle" } },
    { "type": "wokwi-pushbutton", "id": "btn2", "top": 124.8, "left": 249.6, "attrs": { "color": "red", "label": "Reset" } },
    { "type": "wokwi-buzzer", "id": "bz1", "top": 220.8, "left": 153.6, "attrs": {} },
    { "type": "wokwi-ssd1306", "id": "oled1", "top": -120, "left": -120, "attrs": { "i2cAddress": "0x3c" } }
  ],
  "connections": [
    [ "esp:TX0", "$serialMonitor:RX", "", [] ],
    [ "esp:RX0", "$serialMonitor:TX", "", [] ],
    [ "led1:A", "r1:1", "green", [ "v0" ] ],
    [ "led2:A", "r2:1", "green", [ "v0" ] ],
    [ "led3:A", "r3:1", "green", [ "v0" ] ],
    [ "r1:2", "esp:D25", "green", [ "v0" ] ],
    [ "r2:2", "esp:D26", "green", [ "v0" ] ],
    [ "r3:2", "esp:D27", "green", [ "v0" ] ],
    [ "led1:C", "esp:GND.2", "black", [ "v0" ] ],
    [ "led2:C", "esp:GND.2", "black", [ "v0" ] ],
    [ "led3:C", "esp:GND.2", "black", [ "v0" ] ],
    [ "btn1:1.l", "esp:D18", "blue", [ "h0" ] ],
    [ "btn1:2.l", "esp:GND.1", "black", [ "h0" ] ],
    [ "btn2:1.l", "esp:D19", "red", [ "h0" ] ],
    [ "btn2:2.l", "esp:GND.1", "black", [ "h0" ] ],
    [ "bz1:1", "esp:D33", "orange", [ "h0" ] ],
    [ "bz1:2", "esp:GND.2", "black", [ "h0" ] ],
    [ "oled1:GND", "esp:GND.1", "black", [ "h0" ] ],
    [ "oled1:VCC", "esp:3V3", "red", [ "h0" ] ],
    [ "oled1:SDA", "esp:D21", "blue", [ "h0" ] ],
    [ "oled1:SCL", "esp:D22", "yellow", [ "h0" ] ]
  ],
  "dependencies": {}
}